{
  "basic": {
    "train_r2": 0.004620871592309506,
    "test_r2": -61.31734041971123,
    "test_rmse": 189.21066613670416,
    "test_mape": 10.795852203194496
  },
  "enhanced": {
    "train_r2": 0.5140056605041845,
    "test_r2": -25.166852598213843,
    "test_rmse": 122.60746228910324,
    "test_mape": 6.688067956386115
  },
  "n_quarters": 33,
  "train_size": 26,
  "test_size": 7,
  "has_enhanced": true
}