{
  "baseline": {
    "train_r2": 0.46843290970583595,
    "test_r2": -2.5096338276462946,
    "test_rmse": 44.90265940223049,
    "test_mape": 2.2973051948846908,
    "cv_r2": 0.4735139047548942,
    "cv_mape": 7.887949027097594,
    "cv_rmse": 164.24742067140897
  },
  "enhanced": {
    "train_r2": 0.4594925583767314,
    "test_r2": -2.664728817640027,
    "test_rmse": 45.88408559121756,
    "test_mape": 2.249980680002649,
    "cv_r2": 0.41941523006671866,
    "cv_mape": 6.417822492432562,
    "cv_rmse": 142.6786043390595
  },
  "improvement": {
    "cv_r2_delta": -0.05409867468817553,
    "cv_mape_delta": 1.4701265346650318
  },
  "n_quarters": 34,
  "n_facilities": 8,
  "train_size": 28,
  "test_size": 6
}